{
	"format_version": "1.16.100",
	"minecraft:item": {
		"description": {
			"identifier": "{{PROJECT_PREFIX}}:{{IDENTIFIER}}",
			"category": "equipment"
		},
		"components": {
			"minecraft:creative_category": {
				"parent": "equipment"
			},
			"minecraft:max_stack_size": 16,
			"minecraft:icon": {
				"texture": "{{PROJECT_PREFIX}}_{{IDENTIFIER}}"
			},
			"minecraft:throwable": {
				"do_swing_animation": true,
				"launch_power_scale": 2
			},
			"minecraft:projectile": {
				"projectile_entity": "{{PROJECT_PREFIX}}:thrown_{{IDENTIFIER}}"
			}
		}
	}
}