{
	"format_version": "1.20.80",
	"minecraft:item": {
		"description": {
			"identifier": "{{PROJECT_PREFIX}}:{{IDENTIFIER}}_leggings",
			"menu_category": {
				"category": "equipment",
				"group": "itemGroup.name.leggings"
			}
		},
		"components": {
			"minecraft:max_stack_size": 1,
			"minecraft:enchantable": {
				"value": 9,
				"slot": "armor_legs"
			},
			"minecraft:durability": {
				"max_durability": 225,
				"damage_chance": {
					"min": 60,
					"max": 100
				}
			},
			"minecraft:icon": "{{PROJECT_PREFIX}}_{{IDENTIFIER}}_leggings",
			"minecraft:wearable": {
				"slot": "slot.armor.legs",
				"protection": 5
			},
			"minecraft:repairable": {
				"repair_items": [
					{
						"items": [
							"minecraft:iron_ingot"
						],
						"repair_amount": "query.max_durability * 0.25"
					},
					{
						"items": [
							"{{PROJECT_PREFIX}}:{{IDENTIFIER}}_leggings"
						],
						"repair_amount": "context.other->query.remaining_durability + 0.12 * context.other->query.max_durability"
					}
				]
			}
		}
	}
}