{
	"format_version": "1.8.0",
	"animations": {
		"animation.{{IDENTIFIER}}.flop": {
			"loop": true,
			"bones": {
				"body": {
					"rotation": [
						0,
						"math.cos(variable.animationamountblend * 45.0) * 2.0",
						"variable.zrot"
					]
				},
				"tailfin": {
					"rotation": [
						0,
						"math.cos(variable.animationamountblend * 45.0) * -25.75",
						0
					]
				}
			}
		},
		"animation.{{IDENTIFIER}}.swim": {
			"loop": true,
			"bones": {
				"tailfin": {
					"rotation": [
						0,
						"math.cos(variable.animationamountblend * 30.0) * -25.75",
						0
					]
				}
			}
		}
	}
}