{
	"format_version": "1.20.60",
	"minecraft:block_culling_rules": {
		"description": {
			"identifier": "{{PROJECT_PREFIX}}:slab_top"
		},
		"rules": [
			{
				"direction": "up",
				"geometry_part": {
					"bone": "slab",
					"cube": 0,
					"face": "up"
				}
			},
			{
				"direction": "north",
				"geometry_part": {
					"bone": "slab",
					"cube": 0,
					"face": "north"
				}
			},
			{
				"direction": "east",
				"geometry_part": {
					"bone": "slab",
					"cube": 0,
					"face": "east"
				}
			},
			{
				"direction": "south",
				"geometry_part": {
					"bone": "slab",
					"cube": 0,
					"face": "south"
				}
			},
			{
				"direction": "west",
				"geometry_part": {
					"bone": "slab",
					"cube": 0,
					"face": "west"
				}
			}
		]
	}
}