{"acacia_button":{"sound":"wood","textures":"acacia_planks"},"acacia_door":{"sound":"wood","textures":{"down":"door_lower","side":"door_upper","up":"door_lower"}},"acacia_fence_gate":{"sound":"wood","textures":"wood_acacia"},"acacia_pressure_plate":{"sound":"wood","textures":"acacia_planks"},"acacia_stairs":{"sound":"wood","textures":"wood_acacia"},"acacia_standing_sign":{"sound":"wood","textures":"acacia_sign"},"acacia_trapdoor":{"sound":"wood","textures":"acacia_trapdoor"},"acacia_wall_sign":{"sound":"wood","textures":"acacia_sign"},"activator_rail":{"sound":"metal","textures":{"down":"rail_activator","side":"rail_activator","up":"rail_activator_powered"}},"air":{},"allow":{"sound":"stone","textures":"build_allow"},"amethyst_block":{"sound":"amethyst_block","textures":"amethyst_block"},"amethyst_cluster":{"sound":"amethyst_cluster","textures":"amethyst_cluster"},"ancient_debris":{"sound":"ancient_debris","textures":{"down":"ancient_debris_top","east":"ancient_debris_side","north":"ancient_debris_side","south":"ancient_debris_side","up":"ancient_debris_top","west":"ancient_debris_side"}},"andesite_stairs":{"sound":"stone","textures":"andesite"},"anvil":{"sound":"anvil","textures":{"down":"anvil_base","side":"anvil_base","up":"anvil_top_damaged_x"}},"azalea":{"sound":"azalea","textures":{"down":"potted_azalea_bush_top","east":"azalea_plant","north":"azalea_side","side":"azalea_side","south":"potted_azalea_bush_side","up":"azalea_top","west":"potted_azalea_bush_plant"}},"azalea_leaves":{"isotropic":{"down":true,"up":true},"sound":"azalea_leaves","textures":"azalea_leaves"},"azalea_leaves_flowered":{"isotropic":{"down":true,"up":true},"sound":"azalea_leaves","textures":"azalea_leaves_flowered"},"bamboo":{"carried_textures":"bamboo_carried","sound":"bamboo","textures":{"down":"bamboo_sapling","east":"bamboo_singleleaf","north":"bamboo_stem","south":"bamboo_small_leaf","up":"bamboo_leaf","west":"bamboo_stem"}},"bamboo_sapling":{"carried_textures":"bamboo_carried","sound":"bamboo_sapling","textures":"bamboo_sapling"},"barrel":{"sound":"wood","textures":{"down":"barrel_side","east":"barrel_side","north":"barrel_top","south":"barrel_bottom","up":"barrel_side","west":"barrel_side"}},"barrier":{"textures":"barrier"},"basalt":{"sound":"basalt","textures":{"down":"basalt_top","side":"basalt_side","up":"basalt_top"}},"beacon":{"sound":"glass","textures":{"down":"beacon_base","side":"beacon_shell","up":"beacon_core"}},"bed":{"sound":"wood","textures":"bed_bottom"},"bedrock":{"sound":"stone","textures":"bedrock"},"bee_nest":{"textures":{"down":"bee_nest_bottom","east":"bee_nest_side","north":"bee_nest_side","south":"bee_nest_front","up":"bee_nest_top","west":"bee_nest_side"}},"beehive":{"textures":{"down":"beehive_top","east":"beehive_side","north":"beehive_side","south":"beehive_front","up":"beehive_top","west":"beehive_side"}},"beetroot":{"sound":"wood","textures":"beetroot"},"bell":{"carried_textures":"bell_carried","sound":"metal","textures":{"down":"bell_bottom","east":"dark_oak_planks","north":"bell_side","south":"bell_side","up":"bell_top","west":"bell_stone"}},"big_dripleaf":{"sound":"big_dripleaf","textures":{"down":"big_dripleaf_side1","east":"big_dripleaf_top","north":"big_dripleaf_stem","south":"big_dripleaf_top","up":"big_dripleaf_side2","west":"big_dripleaf_top"}},"birch_button":{"sound":"wood","textures":"birch_planks"},"birch_door":{"sound":"wood","textures":{"down":"door_lower","side":"door_upper","up":"door_lower"}},"birch_fence_gate":{"sound":"wood","textures":"wood_birch"},"birch_pressure_plate":{"sound":"wood","textures":"birch_planks"},"birch_stairs":{"sound":"wood","textures":"wood_birch"},"birch_standing_sign":{"sound":"wood","textures":"birch_sign"},"birch_trapdoor":{"sound":"wood","textures":"birch_trapdoor"},"birch_wall_sign":{"sound":"wood","textures":"birch_sign"},"black_candle":{"carried_textures":"black_candle_carried","sound":"candle","textures":"black_candle"},"black_candle_cake":{"sound":"cloth","textures":{"down":"cake_bottom","east":"cake_side","north":"cake_side","south":"cake_side","up":"cake_top","west":"cake_west"}},"black_glazed_terracotta":{"sound":"stone","textures":"black_glazed_terracotta"},"blackstone":{"sound":"stone","textures":{"down":"blackstone_top","side":"blackstone","up":"blackstone_top"}},"blackstone_double_slab":{"sound":"stone","textures":"blackstone"},"blackstone_slab":{"sound":"stone","textures":"blackstone"},"blackstone_stairs":{"sound":"stone","textures":"blackstone"},"blackstone_wall":{"sound":"stone","textures":"blackstone"},"blast_furnace":{"sound":"stone","textures":{"down":"blast_furnace_top","east":"blast_furnace_side","north":"blast_furnace_side","south":"blast_furnace_front_off","up":"blast_furnace_top","west":"blast_furnace_side"}},"blue_candle":{"carried_textures":"blue_candle_carried","sound":"candle","textures":"blue_candle"},"blue_candle_cake":{"sound":"cloth","textures":{"down":"cake_bottom","east":"cake_side","north":"cake_side","south":"cake_side","up":"cake_top","west":"cake_west"}},"blue_glazed_terracotta":{"sound":"stone","textures":"blue_glazed_terracotta"},"blue_ice":{"sound":"glass","textures":"blue_ice"},"bone_block":{"sound":"bone_block","textures":{"down":"bone_block_top","side":"bone_block_side","up":"bone_block_top"}},"bookshelf":{"sound":"wood","textures":{"down":"bookshelf_top","side":"bookshelf","up":"bookshelf_top"}},"border_block":{"sound":"stone","textures":"border_block"},"brewing_stand":{"sound":"stone","textures":{"down":"brewing_stand_base","side":"brewing_stand","up":"brewing_stand"}},"brick_block":{"textures":"brick"},"brick_stairs":{"textures":"brick"},"brown_candle":{"carried_textures":"brown_candle_carried","sound":"candle","textures":"brown_candle"},"brown_candle_cake":{"sound":"cloth","textures":{"down":"cake_bottom","east":"cake_side","north":"cake_side","south":"cake_side","up":"cake_top","west":"cake_west"}},"brown_glazed_terracotta":{"sound":"stone","textures":"brown_glazed_terracotta"},"brown_mushroom":{"sound":"grass","textures":"mushroom_brown"},"brown_mushroom_block":{"sound":"wood","textures":{"down":"mushroom_brown_bottom","east":"mushroom_brown_east","north":"mushroom_brown_north","south":"mushroom_brown_south","up":"mushroom_brown_top","west":"mushroom_brown_west"}},"bubble_column":{"isotropic":false,"textures":{"down":"bubble_column_down_top","east":"pumpkin_side","north":"bubble_column_outer","south":"bubble_column_mid","up":"bubble_column_up_top","west":"pumpkin_side"}},"budding_amethyst":{"sound":"amethyst_block","textures":"budding_amethyst"},"cactus":{"sound":"cloth","textures":{"down":"cactus_bottom","side":"cactus_side","up":"cactus_top"}},"cake":{"sound":"cloth","textures":{"down":"cake_bottom","east":"cake_side","north":"cake_side","south":"cake_side","up":"cake_top","west":"cake_west"}},"calcite":{"sound":"calcite","textures":"calcite"},"camera":{"isotropic":true,"textures":{"down":"camera_top","east":"camera_side","north":"camera_back","south":"camera_front","up":"camera_top","west":"camera_side"}},"campfire":{"sound":"wood","textures":{"down":"campfire_log","side":"campfire_log_lit","up":"campfire_fire"}},"candle":{"carried_textures":"candle_carried","sound":"candle","textures":"candle"},"candle_cake":{"sound":"cloth","textures":{"down":"cake_bottom","east":"cake_side","north":"cake_side","south":"cake_side","up":"cake_top","west":"cake_west"}},"carpet":{"sound":"cloth","textures":"wool"},"carrots":{"sound":"grass","textures":"carrots"},"cartography_table":{"sound":"wood","textures":{"down":"cartography_table_bottom","east":"cartography_table_side3","north":"cartography_table_side3","south":"cartography_table_side1","up":"cartography_table_top","west":"cartography_table_side2"}},"carved_pumpkin":{"sound":"wood","textures":{"down":"pumpkin_top","east":"pumpkin_side","north":"pumpkin_side","south":"pumpkin_face","up":"pumpkin_top","west":"pumpkin_side"}},"cauldron":{"textures":{"down":"cauldron_bottom","east":"still_water_grey","north":"cauldron_side","south":"cauldron_inner","up":"cauldron_top","west":"cauldron_water"}},"cave_vines":{"sound":"cave_vines","textures":{"down":"cave_vines_head","side":"cave_vines_body","up":"cave_vines_body"}},"cave_vines_body_with_berries":{"sound":"cave_vines","textures":{"down":"cave_vines_body","side":"cave_vines_body","up":"cave_vines_body"}},"cave_vines_head_with_berries":{"sound":"cave_vines","textures":{"down":"cave_vines_head","side":"cave_vines_head","up":"cave_vines_head"}},"chain":{"sound":"chain","textures":{"down":"chain1","side":"chain2","up":"chain1"}},"chain_command_block":{"sound":"metal","textures":{"down":"command_block_chain_conditional_side","east":"command_block_chain_side","north":"command_block_chain_front","south":"command_block_chain_back","up":"command_block_chain_conditional_side","west":"command_block_chain_side"}},"chest":{"sound":"wood","textures":{"down":"chest_inventory_top","east":"chest_inventory_side","north":"chest_inventory_side","south":"chest_inventory_front","up":"chest_inventory_top","west":"chest_inventory_side"}},"chiseled_deepslate":{"isotropic":false,"sound":"deepslate_bricks","textures":"chiseled_deepslate"},"chiseled_nether_bricks":{"sound":"stone","textures":"chiseled_nether_bricks"},"chiseled_polished_blackstone":{"sound":"stone","textures":"chiseled_polished_blackstone"},"chorus_flower":{"sound":"stone","textures":"chorus_flower"},"chorus_plant":{"sound":"stone","textures":"chorus_plant"},"clay":{"isotropic":true,"sound":"gravel","textures":"clay"},"coal_block":{"sound":"stone","textures":"coal_block"},"coal_ore":{"sound":"stone","textures":"coal_ore"},"cobbled_deepslate":{"isotropic":false,"sound":"deepslate","textures":"cobbled_deepslate"},"cobbled_deepslate_double_slab":{"isotropic":false,"sound":"deepslate","textures":"cobbled_deepslate"},"cobbled_deepslate_slab":{"isotropic":false,"sound":"deepslate","textures":"cobbled_deepslate"},"cobbled_deepslate_stairs":{"isotropic":false,"sound":"deepslate","textures":"cobbled_deepslate"},"cobbled_deepslate_wall":{"isotropic":false,"sound":"deepslate","textures":"cobbled_deepslate"},"cobblestone":{"sound":"stone","textures":"cobblestone"},"cobblestone_wall":{"textures":"cobblestone_wall"},"cocoa":{"sound":"wood","textures":"cocoa"},"command_block":{"sound":"metal","textures":{"down":"command_block_conditional_side","east":"command_block_side","north":"command_block_front","south":"command_block_back","up":"command_block_conditional_side","west":"command_block_side"}},"composter":{"sound":"wood","textures":{"down":"composter_bottom","side":"composter_side","up":"composter_top"}},"concrete":{"sound":"stone","textures":"concrete"},"concretePowder":{"sound":"sand","textures":"concretePowder"},"conduit":{"sound":"stone","textures":"conduit"},"copper_block":{"isotropic":false,"sound":"copper","textures":"copper_block"},"copper_ore":{"isotropic":false,"sound":"stone","textures":"copper_ore"},"coral":{"carried_textures":"coral","sound":"stone","textures":"coral"},"coral_block":{"sounds":"stone","textures":"coral_block"},"coral_fan":{"carried_textures":"coral_fan","sound":"stone","textures":{"down":"coral_fan","side":"coral_fan","up":"coral_fan"}},"coral_fan_dead":{"carried_textures":"coral_fan_dead","sound":"stone","textures":{"down":"coral_fan_dead","side":"coral_fan_dead","up":"coral_fan_dead"}},"coral_fan_hang":{"carried_textures":"coral_fan_hang_a","sound":"stone","textures":{"down":"coral_fan_hang_a","side":"coral_fan_hang_a","up":"coral_fan_hang_a"}},"coral_fan_hang2":{"carried_textures":"coral_fan_hang_b","sound":"stone","textures":{"down":"coral_fan_hang_b","side":"coral_fan_hang_b","up":"coral_fan_hang_b"}},"coral_fan_hang3":{"carried_textures":"coral_fan_hang_c","sound":"stone","textures":{"down":"coral_fan_hang_c","side":"coral_fan_hang_c","up":"coral_fan_hang_c"}},"cracked_deepslate_bricks":{"isotropic":false,"sound":"deepslate_bricks","textures":"cracked_deepslate_bricks"},"cracked_deepslate_tiles":{"isotropic":false,"sound":"deepslate_bricks","textures":"cracked_deepslate_tiles"},"cracked_nether_bricks":{"sound":"stone","textures":"cracked_nether_bricks"},"cracked_polished_blackstone_bricks":{"sound":"stone","textures":"cracked_polished_blackstone_bricks"},"crafting_table":{"sound":"wood","textures":{"down":"crafting_table_bottom","east":"crafting_table_side","north":"crafting_table_front","south":"crafting_table_front","up":"crafting_table_top","west":"crafting_table_side"}},"crimson_button":{"sound":"wood","textures":"crimson_planks"},"crimson_door":{"sound":"wood","textures":{"down":"crimson_door_lower","side":"crimson_door_top","up":"crimson_door_lower"}},"crimson_double_slab":{"sound":"wood","textures":"crimson_planks"},"crimson_fence":{"sound":"wood","textures":"crimson_planks"},"crimson_fence_gate":{"sound":"wood","textures":"crimson_planks"},"crimson_fungus":{"sound":"fungus","textures":"nether_shroom_red"},"crimson_hyphae":{"sound":"stem","textures":{"down":"crimson_log_side","east":"crimson_log_side","north":"crimson_log_side","south":"crimson_log_side","up":"crimson_log_side","west":"crimson_log_side"}},"crimson_nylium":{"isotropic":{"down":true,"up":true},"sound":"nylium","textures":{"down":"netherrack","east":"crimson_nylium_side","north":"crimson_nylium_side","south":"crimson_nylium_side","up":"crimson_nylium_top","west":"crimson_nylium_side"}},"crimson_planks":{"sound":"wood","textures":"crimson_planks"},"crimson_pressure_plate":{"sound":"wood","textures":"crimson_planks"},"crimson_roots":{"sound":"roots","textures":{"down":"crimson_roots","east":"crimson_roots","north":"crimson_roots","south":"crimson_roots_pot","up":"crimson_roots","west":"crimson_roots"}},"crimson_slab":{"sound":"wood","textures":"crimson_planks"},"crimson_stairs":{"sound":"wood","textures":"crimson_planks"},"crimson_standing_sign":{"sound":"wood","textures":"crimson_sign"},"crimson_stem":{"sound":"stem","textures":{"down":"crimson_log_top","east":"crimson_log_side","north":"crimson_log_side","south":"crimson_log_side","up":"crimson_log_top","west":"crimson_log_side"}},"crimson_trapdoor":{"sound":"wood","textures":"crimson_trapdoor"},"crimson_wall_sign":{"sound":"wood","textures":"crimson_sign"},"crying_obsidian":{"brightness_gamma":2,"isotropic":true,"sound":"stone","textures":"crying_obsidian"},"cut_copper":{"isotropic":false,"sound":"copper","textures":"cut_copper"},"cut_copper_slab":{"isotropic":false,"sound":"copper","textures":"cut_copper"},"cut_copper_stairs":{"isotropic":false,"sound":"copper","textures":"cut_copper"},"cyan_candle":{"carried_textures":"cyan_candle_carried","sound":"candle","textures":"cyan_candle"},"cyan_candle_cake":{"sound":"cloth","textures":{"down":"cake_bottom","east":"cake_side","north":"cake_side","south":"cake_side","up":"cake_top","west":"cake_west"}},"cyan_glazed_terracotta":{"sound":"stone","textures":"cyan_glazed_terracotta"},"dark_oak_button":{"sound":"wood","textures":"dark_oak_planks"},"dark_oak_door":{"sound":"wood","textures":{"down":"door_lower","side":"door_upper","up":"door_lower"}},"dark_oak_fence_gate":{"sound":"wood","textures":"wood_big_oak"},"dark_oak_pressure_plate":{"sound":"wood","textures":"dark_oak_planks"},"dark_oak_stairs":{"sound":"wood","textures":"wood_big_oak"},"dark_oak_trapdoor":{"sound":"wood","textures":"dark_oak_trapdoor"},"dark_prismarine_stairs":{"sound":"stone","textures":"dark_prismarine"},"darkoak_standing_sign":{"sound":"wood","textures":"darkoak_sign"},"darkoak_wall_sign":{"sound":"wood","textures":"darkoak_sign"},"daylight_detector":{"sound":"wood","textures":{"down":"daylight_detector_side","side":"daylight_detector_side","up":"daylight_detector_top"}},"daylight_detector_inverted":{"sound":"wood","textures":{"down":"daylight_detector_side","side":"daylight_detector_side","up":"daylight_detector_top"}},"deadbush":{"sound":"grass","textures":"deadbush"},"deepslate":{"isotropic":{"down":true,"up":true},"sound":"deepslate","textures":{"down":"deepslate_top","side":"deepslate","up":"deepslate_top"}},"deepslate_brick_double_slab":{"isotropic":false,"sound":"deepslate_bricks","textures":"deepslate_bricks"},"deepslate_brick_slab":{"isotropic":false,"sound":"deepslate_bricks","textures":"deepslate_bricks"},"deepslate_brick_stairs":{"isotropic":false,"sound":"deepslate_bricks","textures":"deepslate_bricks"},"deepslate_brick_wall":{"isotropic":false,"sound":"deepslate_bricks","textures":"deepslate_bricks"},"deepslate_bricks":{"isotropic":false,"sound":"deepslate_bricks","textures":"deepslate_bricks"},"deepslate_coal_ore":{"isotropic":false,"sound":"deepslate","textures":"deepslate_coal_ore"},"deepslate_copper_ore":{"isotropic":false,"sound":"deepslate","textures":"deepslate_copper_ore"},"deepslate_diamond_ore":{"isotropic":false,"sound":"deepslate","textures":"deepslate_diamond_ore"},"deepslate_emerald_ore":{"isotropic":false,"sound":"deepslate","textures":"deepslate_emerald_ore"},"deepslate_gold_ore":{"isotropic":false,"sound":"deepslate","textures":"deepslate_gold_ore"},"deepslate_iron_ore":{"isotropic":false,"sound":"deepslate","textures":"deepslate_iron_ore"},"deepslate_lapis_ore":{"isotropic":false,"sound":"deepslate","textures":"deepslate_lapis_ore"},"deepslate_redstone_ore":{"isotropic":false,"sound":"deepslate","textures":"deepslate_redstone_ore"},"deepslate_tile_double_slab":{"isotropic":false,"sound":"deepslate_bricks","textures":"deepslate_tiles"},"deepslate_tile_slab":{"isotropic":false,"sound":"deepslate_bricks","textures":"deepslate_tiles"},"deepslate_tile_stairs":{"isotropic":false,"sound":"deepslate_bricks","textures":"deepslate_tiles"},"deepslate_tile_wall":{"isotropic":false,"sound":"deepslate_bricks","textures":"deepslate_tiles"},"deepslate_tiles":{"isotropic":false,"sound":"deepslate_bricks","textures":"deepslate_tiles"},"deny":{"sound":"stone","textures":"build_deny"},"detector_rail":{"sound":"metal","textures":{"down":"rail_detector","side":"rail_detector","up":"rail_detector_powered"}},"diamond_block":{"sound":"metal","textures":"diamond_block"},"diamond_ore":{"sound":"stone","textures":"diamond_ore"},"diorite_stairs":{"sound":"stone","textures":"diorite"},"dirt":{"isotropic":true,"sound":"gravel","textures":"dirt"},"dirt_with_roots":{"isotropic":true,"sound":"dirt_with_roots","textures":"dirt_with_roots"},"dispenser":{"carried_textures":{"down":"dispenser_top","east":"dispenser_side","north":"dispenser_side","south":"dispenser_front_horizontal","up":"dispenser_top","west":"dispenser_side"},"sound":"stone","textures":{"down":"dispenser_top","east":"dispenser_front_vertical","north":"dispenser_side","south":"dispenser_front_horizontal","up":"dispenser_top","west":"dispenser_side"}},"double_cut_copper_slab":{"isotropic":false,"sound":"copper","textures":"cut_copper"},"double_plant":{"carried_textures":"double_plant_carried","sound":"grass","textures":{"down":"double_plant_bottom","side":"sunflower_additional","up":"double_plant_top"}},"double_stone_slab":{"sound":"stone","textures":{"down":"stone_slab_bottom","side":"stone_slab_side","up":"stone_slab_top"}},"double_stone_slab2":{"sound":"stone","textures":{"down":"stone_slab_bottom_2","side":"stone_slab_side_2","up":"stone_slab_top_2"}},"double_stone_slab3":{"sound":"stone","textures":{"down":"stone_slab_bottom_3","side":"stone_slab_side_3","up":"stone_slab_top_3"}},"double_stone_slab4":{"sound":"stone","textures":{"down":"stone_slab_bottom_4","side":"stone_slab_side_4","up":"stone_slab_top_4"}},"double_wooden_slab":{"sound":"wood","textures":"planks"},"dragon_egg":{"sound":"stone","textures":"dragon_egg"},"dried_kelp_block":{"carried_textures":{"down":"dried_kelp_block_top","east":"dried_kelp_block_side_a","north":"dried_kelp_block_side_b","south":"dried_kelp_block_side_a","up":"dried_kelp_block_top","west":"dried_kelp_block_side_b"},"sound":"grass","textures":{"down":"dried_kelp_block_top","east":"dried_kelp_block_side_b","north":"dried_kelp_block_side_a","south":"dried_kelp_block_side_b","up":"dried_kelp_block_top","west":"dried_kelp_block_side_a"}},"dripstone_block":{"sound":"dripstone_block","textures":"dripstone_block"},"dropper":{"carried_textures":{"down":"dropper_top","east":"dropper_side","north":"dropper_side","south":"dropper_front_horizontal","up":"dropper_top","west":"dropper_side"},"sound":"stone","textures":{"down":"dropper_top","east":"dropper_front_vertical","north":"dropper_side","south":"dropper_front_horizontal","up":"dropper_top","west":"dropper_side"}},"emerald_block":{"sound":"metal","textures":"emerald_block"},"emerald_ore":{"sound":"stone","textures":"emerald_ore"},"enchanting_table":{"textures":{"down":"enchanting_table_bottom","side":"enchanting_table_side","up":"enchanting_table_top"}},"end_brick_stairs":{"sound":"stone","textures":"end_bricks"},"end_bricks":{"sound":"stone","textures":"end_bricks"},"end_gateway":{"textures":"end_gateway"},"end_portal":{"textures":"end_portal"},"end_portal_frame":{"carried_textures":"endframe_eye","sound":"glass","textures":{"down":"endframe_bottom","east":"endframe_side","north":"endframe_side","south":"endframe_side","up":"endframe_top","west":"endframe_side"}},"end_rod":{"sound":"wood","textures":"end_rod"},"end_stone":{"sound":"stone","textures":"end_stone"},"ender_chest":{"textures":{"down":"ender_chest_inventory_top","east":"ender_chest_inventory_side","north":"ender_chest_inventory_side","south":"ender_chest_inventory_front","up":"ender_chest_inventory_top","west":"ender_chest_inventory_side"}},"exposed_copper":{"isotropic":false,"sound":"copper","textures":"exposed_copper"},"exposed_cut_copper":{"isotropic":false,"sound":"copper","textures":"exposed_cut_copper"},"exposed_cut_copper_slab":{"isotropic":false,"sound":"copper","textures":"exposed_cut_copper"},"exposed_cut_copper_stairs":{"isotropic":false,"sound":"copper","textures":"exposed_cut_copper"},"exposed_double_cut_copper_slab":{"isotropic":false,"sound":"copper","textures":"exposed_cut_copper"},"farmland":{"sound":"gravel","textures":{"down":"farmland_side","side":"farmland_side","up":"farmland"}},"fence":{"sound":"wood","textures":"planks"},"fence_gate":{"sound":"wood","textures":"wood_oak"},"fire":{"sound":"wood","textures":{"down":"fire_1","side":"fire_0","up":"fire_0"}},"fletching_table":{"sound":"wood","textures":{"down":"birch_planks","east":"fletching_table_side2","north":"fletching_table_side1","south":"fletching_table_side1","up":"fletching_table_top","west":"fletching_table_side2"}},"flower_pot":{"textures":"flower_pot"},"flowering_azalea":{"sound":"azalea","textures":{"down":"potted_flowering_azalea_bush_top","east":"azalea_plant","north":"flowering_azalea_side","side":"flowering_azalea_side","south":"potted_flowering_azalea_bush_side","up":"flowering_azalea_top","west":"potted_flowering_azalea_bush_plant"}},"flowing_lava":{"textures":{"down":"still_lava","side":"flowing_lava","up":"still_lava"}},"flowing_water":{"textures":{"down":"still_water_grey","side":"flowing_water_grey","up":"still_water_grey"}},"format_version":[1,1,0],"frame":{"sound":"itemframe","textures":"itemframe_background"},"frosted_ice":{"sound":"glass","textures":"frosted_ice"},"furnace":{"sound":"stone","textures":{"down":"furnace_top","east":"furnace_side","north":"furnace_side","south":"furnace_front_off","up":"furnace_top","west":"furnace_side"}},"gilded_blackstone":{"sound":"stone","textures":"gilded_blackstone"},"glass":{"sound":"glass","textures":"glass"},"glass_pane":{"sound":"glass","textures":{"down":"glass","east":"glass_pane_top","north":"glass","south":"glass","up":"glass","west":"glass"}},"glow_frame":{"sound":"itemframe","textures":"glow_item_frame"},"glow_lichen":{"sound":"grass","textures":"glow_lichen"},"glowingobsidian":{"brightness_gamma":0.8,"sound":"stone","textures":"glowing_obsidian"},"glowstone":{"isotropic":true,"sound":"glass","textures":"glowstone"},"gold_block":{"sound":"metal","textures":"gold_block"},"gold_ore":{"sound":"stone","textures":"gold_ore"},"golden_rail":{"sound":"metal","textures":{"down":"rail_golden","side":"rail_golden","up":"rail_golden_powered"}},"granite_stairs":{"sound":"stone","textures":"granite"},"grass":{"carried_textures":{"down":"grass_carried_bottom","side":"grass_carried","up":"grass_carried_top"},"isotropic":{"down":true,"up":true},"sound":"grass","textures":{"down":"grass_bottom","side":"grass_side","up":"grass_top"}},"grass_path":{"isotropic":{"down":true,"up":true},"sound":"grass","textures":{"down":"dirt","side":"grass_path_side","up":"grass_path_top"}},"gravel":{"sound":"gravel","textures":"gravel"},"gray_candle":{"carried_textures":"gray_candle_carried","sound":"candle","textures":"gray_candle"},"gray_candle_cake":{"sound":"cloth","textures":{"down":"cake_bottom","east":"cake_side","north":"cake_side","south":"cake_side","up":"cake_top","west":"cake_west"}},"gray_glazed_terracotta":{"sound":"stone","textures":"gray_glazed_terracotta"},"green_candle":{"carried_textures":"green_candle_carried","sound":"candle","textures":"green_candle"},"green_candle_cake":{"sound":"cloth","textures":{"down":"cake_bottom","east":"cake_side","north":"cake_side","south":"cake_side","up":"cake_top","west":"cake_west"}},"green_glazed_terracotta":{"sound":"stone","textures":"green_glazed_terracotta"},"grindstone":{"sound":"stone","textures":{"down":"grindstone_leg","east":"grindstone_side","north":"grindstone_pivot","south":"grindstone_side","up":"grindstone_round","west":"grindstone_side"}},"hanging_roots":{"sound":"hanging_roots","textures":"hanging_roots"},"hardened_clay":{"isotropic":true,"sound":"stone","textures":"hardened_clay"},"hay_block":{"sound":"grass","textures":{"down":"hayblock_top","side":"hayblock_side","up":"hayblock_top"}},"heavy_weighted_pressure_plate":{"sound":"metal","textures":"iron_block"},"honey_block":{"sound":"honey_block","textures":{"down":"honey_bottom","east":"honey_side","north":"honey_side","south":"honey_side","up":"honey_top","west":"honey_side"}},"honeycomb_block":{"sound":"coral","textures":"honeycomb_block"},"hopper":{"sound":"metal","textures":{"down":"hopper_inside","east":"hopper_outside","north":"hopper_outside","south":"hopper_outside","up":"hopper_top","west":"hopper_outside"}},"ice":{"sound":"glass","textures":"ice"},"infested_deepslate":{"isotropic":{"down":true,"up":true},"sound":"deepslate","textures":{"down":"deepslate_top","side":"deepslate","up":"deepslate_top"}},"info_update":{"sound":"gravel","textures":"missing_tile"},"info_update2":{"sound":"gravel","textures":"missing_tile"},"invisibleBedrock":{"textures":"stone"},"iron_bars":{"sound":"metal","textures":{"down":"iron_bars","east":"iron_bars_edge","north":"iron_bars","south":"iron_bars","up":"iron_bars","west":"iron_bars"}},"iron_block":{"sound":"metal","textures":"iron_block"},"iron_door":{"sound":"metal","textures":{"down":"door_lower","side":"door_upper","up":"door_lower"}},"iron_ore":{"sound":"stone","textures":"iron_ore"},"iron_trapdoor":{"sound":"metal","textures":"iron_trapdoor"},"jigsaw":{"textures":{"down":"jigsaw_side","east":"jigsaw_side","north":"jigsaw_front","south":"jigsaw_back","up":"jigsaw_lock","west":"jigsaw_side"}},"jukebox":{"sound":"wood","textures":{"down":"jukebox_side","side":"jukebox_side","up":"jukebox_top"}},"jungle_button":{"sound":"wood","textures":"jungle_planks"},"jungle_door":{"sound":"wood","textures":{"down":"door_lower","side":"door_upper","up":"door_lower"}},"jungle_fence_gate":{"sound":"wood","textures":"wood_jungle"},"jungle_pressure_plate":{"sound":"wood","textures":"jungle_planks"},"jungle_stairs":{"sound":"wood","textures":"wood_jungle"},"jungle_standing_sign":{"sound":"wood","textures":"jungle_sign"},"jungle_trapdoor":{"sound":"wood","textures":"jungle_trapdoor"},"jungle_wall_sign":{"sound":"wood","textures":"jungle_sign"},"kelp":{"sound":"grass","textures":{"down":"kelp_d","east":"kelp_top","north":"kelp_a","south":"kelp_b","up":"kelp_c","west":"kelp_top_bulb"}},"ladder":{"sound":"ladder","textures":"ladder"},"lantern":{"carried_textures":"lantern_carried","sound":"lantern","textures":"lantern"},"lapis_block":{"sound":"stone","textures":"lapis_block"},"lapis_ore":{"sound":"stone","textures":"lapis_ore"},"large_amethyst_bud":{"sound":"large_amethyst_bud","textures":"large_amethyst_bud"},"lava":{"isotropic":true,"textures":{"down":"still_lava","side":"flowing_lava","up":"still_lava"}},"lava_cauldron":{"textures":{"down":"cauldron_bottom","east":"still_lava","north":"cauldron_side","south":"cauldron_inner","up":"cauldron_top","west":"cauldron_water"}},"leaves":{"brightness_gamma":0.8,"carried_textures":"leaves_carried","isotropic":{"down":true,"up":true},"sound":"grass","textures":"leaves"},"leaves2":{"brightness_gamma":0.8,"carried_textures":"leaves_carried2","isotropic":{"down":true,"up":true},"sound":"grass","textures":"leaves2"},"lectern":{"sound":"wood","textures":{"down":"lectern_bottom","east":"lectern_base","north":"lectern_front","south":"lectern_sides","up":"lectern_top","west":"lectern_sides"}},"lever":{"sound":"wood","textures":{"down":"lever","east":"lever_particle","north":"lever","south":"lever","up":"lever","west":"lever"}},"light_block":{"carried_textures":"light_block_carried"},"light_blue_candle":{"carried_textures":"light_blue_candle_carried","sound":"candle","textures":"light_blue_candle"},"light_blue_candle_cake":{"sound":"cloth","textures":{"down":"cake_bottom","east":"cake_side","north":"cake_side","south":"cake_side","up":"cake_top","west":"cake_west"}},"light_blue_glazed_terracotta":{"sound":"stone","textures":"light_blue_glazed_terracotta"},"light_gray_candle":{"carried_textures":"light_gray_candle_carried","sound":"candle","textures":"light_gray_candle"},"light_gray_candle_cake":{"sound":"cloth","textures":{"down":"cake_bottom","east":"cake_side","north":"cake_side","south":"cake_side","up":"cake_top","west":"cake_west"}},"light_weighted_pressure_plate":{"sound":"metal","textures":"gold_block"},"lightning_rod":{"isotropic":false,"sound":"copper","textures":"lightning_rod"},"lime_candle":{"carried_textures":"lime_candle_carried","sound":"candle","textures":"lime_candle"},"lime_candle_cake":{"sound":"cloth","textures":{"down":"cake_bottom","east":"cake_side","north":"cake_side","south":"cake_side","up":"cake_top","west":"cake_west"}},"lime_glazed_terracotta":{"sound":"stone","textures":"lime_glazed_terracotta"},"lit_blast_furnace":{"sound":"stone","textures":{"down":"blast_furnace_top","east":"blast_furnace_front_on","north":"blast_furnace_side","south":"blast_furnace_side","up":"blast_furnace_top","west":"blast_furnace_side"}},"lit_deepslate_redstone_ore":{"isotropic":false,"sound":"deepslate","textures":"deepslate_redstone_ore"},"lit_furnace":{"sound":"stone","textures":{"down":"furnace_top","east":"furnace_front_on","north":"furnace_side","south":"furnace_side","up":"furnace_top","west":"furnace_side"}},"lit_pumpkin":{"sound":"wood","textures":{"down":"pumpkin_top","east":"pumpkin_side","north":"pumpkin_side","south":"pumpkin_face","up":"pumpkin_top","west":"pumpkin_side"}},"lit_redstone_lamp":{"sound":"glass","textures":"redstone_lamp_on"},"lit_redstone_ore":{"sound":"stone","textures":"redstone_ore"},"lit_smoker":{"sound":"stone","textures":{"down":"smoker_bottom","east":"smoker_front_on","north":"smoker_side","south":"smoker_side","up":"smoker_top","west":"smoker_side"}},"lodestone":{"sound":"lodestone","textures":{"down":"lodestone_top","east":"lodestone_side","north":"lodestone_side","south":"lodestone_side","up":"lodestone_top","west":"lodestone_side"}},"log":{"sound":"wood","textures":{"down":"log_top","side":"log_side","up":"log_top"}},"log2":{"sound":"wood","textures":{"down":"log_top2","side":"log_side2","up":"log_top2"}},"loom":{"sound":"wood","textures":{"down":"loom_bottom","east":"loom_side","north":"loom_front","south":"loom_side","up":"loom_top","west":"loom_side"}},"magenta_candle":{"carried_textures":"magenta_candle_carried","sound":"candle","textures":"magenta_candle"},"magenta_candle_cake":{"sound":"cloth","textures":{"down":"cake_bottom","east":"cake_side","north":"cake_side","south":"cake_side","up":"cake_top","west":"cake_west"}},"magenta_glazed_terracotta":{"sound":"stone","textures":"magenta_glazed_terracotta"},"magma":{"isotropic":true,"sound":"stone","textures":"magma"},"medium_amethyst_bud":{"sound":"medium_amethyst_bud","textures":"medium_amethyst_bud"},"melon_block":{"sound":"wood","textures":{"down":"melon_side","side":"melon_side","up":"melon_top"}},"melon_stem":{"sound":"wood","textures":"melon_stem"},"mob_spawner":{"sound":"metal","textures":"mob_spawner"},"monster_egg":{"textures":"monster_egg"},"moss_block":{"sound":"moss_block","textures":"moss_block"},"moss_carpet":{"sound":"moss_carpet","textures":"moss_block"},"mossy_cobblestone":{"sound":"stone","textures":"cobblestone_mossy"},"mossy_cobblestone_stairs":{"sound":"stone","textures":"cobblestone_mossy"},"mossy_stone_brick_stairs":{"sound":"stone","textures":"mossy_stone_brick"},"movingBlock":{"textures":"missing_tile"},"mycelium":{"isotropic":{"down":true,"up":true},"sound":"grass","textures":{"down":"mycelium_bottom","side":"mycelium_side","up":"mycelium_top"}},"nether_brick":{"brightness_gamma":0.8,"sound":"nether_brick","textures":"nether_brick"},"nether_brick_fence":{"sound":"nether_brick","textures":"nether_brick"},"nether_brick_stairs":{"sound":"nether_brick","textures":"nether_brick"},"nether_gold_ore":{"sound":"nether_gold_ore","textures":"nether_gold_ore"},"nether_sprouts":{"sound":"nether_sprouts","textures":"nether_sprouts"},"nether_wart":{"sound":"nether_wart","textures":"nether_wart"},"nether_wart_block":{"sound":"nether_wart","textures":"nether_wart_block"},"netherite_block":{"sound":"netherite","textures":"netherite_block"},"netherrack":{"isotropic":true,"sound":"netherrack","textures":"netherrack"},"netherreactor":{"sound":"metal","textures":"reactor_core"},"normal_stone_stairs":{"sound":"stone","textures":"stone"},"noteblock":{"sound":"wood","textures":"noteblock"},"oak_stairs":{"sound":"wood","textures":"wood_oak"},"observer":{"sound":"metal","textures":{"down":"observer_bottom","east":"observer_east","north":"observer_north","south":"observer_south","up":"observer_top","west":"observer_west"}},"obsidian":{"brightness_gamma":2,"isotropic":true,"sound":"stone","textures":"obsidian"},"orange_candle":{"carried_textures":"orange_candle_carried","sound":"candle","textures":"orange_candle"},"orange_candle_cake":{"sound":"cloth","textures":{"down":"cake_bottom","east":"cake_side","north":"cake_side","south":"cake_side","up":"cake_top","west":"cake_west"}},"orange_glazed_terracotta":{"sound":"stone","textures":"orange_glazed_terracotta"},"oxidized_copper":{"isotropic":false,"sound":"copper","textures":"oxidized_copper"},"oxidized_cut_copper":{"isotropic":false,"sound":"copper","textures":"oxidized_cut_copper"},"oxidized_cut_copper_slab":{"isotropic":false,"sound":"copper","textures":"oxidized_cut_copper"},"oxidized_cut_copper_stairs":{"isotropic":false,"sound":"copper","textures":"oxidized_cut_copper"},"oxidized_double_cut_copper_slab":{"isotropic":false,"sound":"copper","textures":"oxidized_cut_copper"},"packed_ice":{"sound":"glass","textures":"ice_packed"},"pink_candle":{"carried_textures":"pink_candle_carried","sound":"candle","textures":"pink_candle"},"pink_candle_cake":{"sound":"cloth","textures":{"down":"cake_bottom","east":"cake_side","north":"cake_side","south":"cake_side","up":"cake_top","west":"cake_west"}},"pink_glazed_terracotta":{"sound":"stone","textures":"pink_glazed_terracotta"},"piston":{"carried_textures":{"down":"piston_bottom","side":"piston_side","up":"piston_top_normal"},"sound":"stone","textures":{"down":"piston_bottom","side":"piston_side","up":"piston_top"}},"pistonArmCollision":{"textures":"piston_top"},"planks":{"sound":"wood","textures":"planks"},"podzol":{"isotropic":{"down":true,"up":true},"sound":"gravel","textures":{"down":"dirt_podzol_bottom","side":"dirt_podzol_side","up":"dirt_podzol_top"}},"pointed_dripstone":{"sound":"pointed_dripstone","textures":{"down":"pointed_dripstone_frustum","east":"pointed_dripstone_base","north":"pointed_dripstone_tip","south":"pointed_dripstone_middle","up":"pointed_dripstone_base","west":"pointed_dripstone_merge"}},"polished_andesite_stairs":{"sound":"stone","textures":"polished_andesite"},"polished_basalt":{"sound":"basalt","textures":{"down":"polished_basalt_top","side":"polished_basalt_side","up":"polished_basalt_top"}},"polished_blackstone":{"sound":"stone","textures":"polished_blackstone"},"polished_blackstone_brick_double_slab":{"sound":"stone","textures":"polished_blackstone_bricks"},"polished_blackstone_brick_slab":{"sound":"stone","textures":"polished_blackstone_bricks"},"polished_blackstone_brick_stairs":{"sound":"stone","textures":"polished_blackstone_bricks"},"polished_blackstone_brick_wall":{"sound":"stone","textures":"polished_blackstone_bricks"},"polished_blackstone_bricks":{"sound":"stone","textures":"polished_blackstone_bricks"},"polished_blackstone_button":{"sound":"stone","textures":"polished_blackstone"},"polished_blackstone_double_slab":{"sound":"stone","textures":"polished_blackstone"},"polished_blackstone_pressure_plate":{"sound":"stone","textures":"polished_blackstone"},"polished_blackstone_slab":{"sound":"stone","textures":"polished_blackstone"},"polished_blackstone_stairs":{"sound":"stone","textures":"polished_blackstone"},"polished_blackstone_wall":{"sound":"stone","textures":"polished_blackstone"},"polished_deepslate":{"isotropic":false,"sound":"deepslate","textures":"polished_deepslate"},"polished_deepslate_double_slab":{"isotropic":false,"sound":"deepslate","textures":"polished_deepslate"},"polished_deepslate_slab":{"isotropic":false,"sound":"deepslate","textures":"polished_deepslate"},"polished_deepslate_stairs":{"isotropic":false,"sound":"deepslate","textures":"polished_deepslate"},"polished_deepslate_wall":{"isotropic":false,"sound":"deepslate","textures":"polished_deepslate"},"polished_diorite_stairs":{"sound":"stone","textures":"polished_diorite"},"polished_granite_stairs":{"sound":"stone","textures":"polished_granite"},"portal":{"sound":"glass","textures":"portal"},"potatoes":{"sound":"grass","textures":"potatoes"},"powder_snow":{"isotropic":false,"sound":"powder_snow","textures":"powder_snow"},"powered_comparator":{"sound":"wood","textures":{"down":"comparator_stone_slab","side":"comparator_stone_slab","up":"comparator_up"}},"powered_repeater":{"sound":"wood","textures":{"down":"repeater_floor","side":"repeater_floor","up":"repeater_up"}},"prismarine":{"sound":"stone","textures":"prismarine"},"prismarine_bricks_stairs":{"sound":"stone","textures":"prismarine_bricks"},"prismarine_stairs":{"sound":"stone","textures":"prismarine"},"pumpkin":{"sound":"wood","textures":{"down":"pumpkin_top","east":"pumpkin_side","north":"pumpkin_side","south":"pumpkin_face","up":"pumpkin_top","west":"pumpkin_side"}},"pumpkin_stem":{"sound":"wood","textures":"pumpkin_stem"},"purple_candle":{"carried_textures":"purple_candle_carried","sound":"candle","textures":"purple_candle"},"purple_candle_cake":{"sound":"cloth","textures":{"down":"cake_bottom","east":"cake_side","north":"cake_side","south":"cake_side","up":"cake_top","west":"cake_west"}},"purple_glazed_terracotta":{"sound":"stone","textures":"purple_glazed_terracotta"},"purpur_block":{"sound":"stone","textures":{"down":"purpur_block_bottom","side":"purpur_block_side","up":"purpur_block_top"}},"purpur_stairs":{"textures":"stair_purpur_block"},"quartz_block":{"sound":"stone","textures":{"down":"quartz_block_bottom","side":"quartz_block_side","up":"quartz_block_top"}},"quartz_bricks":{"sound":"stone","textures":"quartz_bricks"},"quartz_ore":{"sound":"nether_gold_ore","textures":"quartz_ore"},"quartz_stairs":{"textures":{"down":"stair_quartz_block_bottom","side":"stair_quartz_block_side","up":"stair_quartz_block_top"}},"rail":{"sound":"metal","textures":{"down":"rail_normal","side":"rail_normal","up":"rail_normal_turned"}},"raw_copper_block":{"isotropic":false,"sound":"stone","textures":"raw_copper_block"},"raw_gold_block":{"isotropic":false,"sound":"stone","textures":"raw_gold_block"},"raw_iron_block":{"isotropic":false,"sound":"stone","textures":"raw_iron_block"},"red_candle":{"carried_textures":"red_candle_carried","sound":"candle","textures":"red_candle"},"red_candle_cake":{"sound":"cloth","textures":{"down":"cake_bottom","east":"cake_side","north":"cake_side","south":"cake_side","up":"cake_top","west":"cake_west"}},"red_flower":{"sound":"grass","textures":"red_flower"},"red_glazed_terracotta":{"sound":"stone","textures":"red_glazed_terracotta"},"red_mushroom":{"sound":"grass","textures":"mushroom_red"},"red_mushroom_block":{"sound":"wood","textures":{"down":"mushroom_red_bottom","east":"mushroom_red_east","north":"mushroom_red_north","south":"mushroom_red_south","up":"mushroom_red_top","west":"mushroom_red_west"}},"red_nether_brick":{"brightness_gamma":0.8,"sound":"nether_brick","textures":"red_nether_brick"},"red_nether_brick_stairs":{"brightness_gamma":0.8,"sound":"nether_brick","textures":"red_nether_brick"},"red_sandstone":{"brightness_gamma":0.7,"isotropic":{"down":true,"up":true},"sound":"stone","textures":{"down":"redsandstone_bottom","side":"redsandstone_side","up":"redsandstone_top"}},"red_sandstone_stairs":{"isotropic":{"down":true,"up":true},"textures":{"down":"redsandstone_bottom","side":"redsandstone_side","up":"redsandstone_top"}},"redstone_block":{"sound":"stone","textures":"redstone_block"},"redstone_lamp":{"sound":"glass","textures":"redstone_lamp_off"},"redstone_ore":{"sound":"stone","textures":"redstone_ore"},"redstone_torch":{"sound":"wood","textures":"redstone_torch_on"},"redstone_wire":{"textures":{"down":"redstone_dust_line","side":"redstone_dust_line","up":"redstone_dust_cross"}},"reeds":{"sound":"grass","textures":"reeds"},"repeating_command_block":{"sound":"metal","textures":{"down":"command_block_repeating_conditional_side","east":"command_block_repeating_side","north":"command_block_repeating_front","south":"command_block_repeating_back","up":"command_block_repeating_conditional_side","west":"command_block_repeating_side"}},"reserved6":{"textures":"missing_tile"},"respawn_anchor":{"sound":"metal","textures":{"down":"respawn_anchor_bottom","east":"respawn_anchor_side","north":"respawn_anchor_side","south":"respawn_anchor_side","up":"respawn_anchor_top","west":"respawn_anchor_side"}},"sand":{"brightness_gamma":0.55,"isotropic":true,"sound":"sand","textures":"sand"},"sandstone":{"brightness_gamma":0.7,"isotropic":{"down":true,"up":true},"sound":"stone","textures":{"down":"sandstone_bottom","side":"sandstone_side","up":"sandstone_top"}},"sandstone_stairs":{"isotropic":{"down":true,"up":true},"textures":{"down":"sandstone_bottom","side":"sandstone_side","up":"sandstone_top"}},"sapling":{"sound":"grass","textures":"sapling"},"scaffolding":{"isotropic":false,"sound":"scaffolding","textures":{"down":"scaffolding_bottom","side":"scaffolding_side","up":"scaffolding_top"}},"seaLantern":{"sound":"glass","textures":"sea_lantern"},"sea_pickle":{"carried_textures":"sea_pickle_carried","sound":"slime","textures":"sea_pickle"},"seagrass":{"carried_textures":"seagrass_carried","sound":"grass","textures":{"down":"seagrass_tall_bot_a","east":"seagrass_tall_top_a","north":"seagrass_tall_top_a","south":"seagrass_tall_bot_b","up":"seagrass_short","west":"seagrass_tall_top_b"}},"shroomlight":{"sound":"shroomlight","textures":"shroomlight"},"shulker_box":{"sound":"stone","textures":"shulker_box_top"},"silver_glazed_terracotta":{"sound":"stone","textures":"silver_glazed_terracotta"},"skull":{"sound":"stone","textures":"skull"},"slime":{"sound":"slime","textures":"slime_block"},"small_amethyst_bud":{"sound":"small_amethyst_bud","textures":"small_amethyst_bud"},"small_dripleaf_block":{"sound":"big_dripleaf","textures":{"down":"small_dripleaf_side","east":"small_dripleaf_stem_bottom","north":"small_dripleaf_stem_top","south":"small_dripleaf_stem_bottom","up":"small_dripleaf_top","west":"small_dripleaf_stem_bottom"}},"smithing_table":{"sound":"wood","textures":{"down":"smithing_table_bottom","east":"smithing_table_side","north":"smithing_table_front","south":"smithing_table_front","up":"smithing_table_top","west":"smithing_table_side"}},"smoker":{"sound":"stone","textures":{"down":"smoker_bottom","east":"smoker_side","north":"smoker_side","south":"smoker_front_off","up":"smoker_top","west":"smoker_side"}},"smooth_basalt":{"sound":"basalt","textures":"smooth_basalt"},"smooth_quartz_stairs":{"sound":"stone","textures":"stair_smooth_quartz_block"},"smooth_red_sandstone_stairs":{"sound":"stone","textures":"smooth_red_sandstone"},"smooth_sandstone_stairs":{"sound":"stone","textures":"smooth_sandstone"},"smooth_stone":{"sound":"stone","textures":"smooth_stone"},"snow":{"brightness_gamma":0.45,"isotropic":true,"sound":"snow","textures":"snow"},"snow_layer":{"brightness_gamma":0.45,"isotropic":true,"sound":"snow","textures":"snow"},"soul_campfire":{"sound":"wood","textures":{"down":"campfire_log","side":"soul_campfire_log_lit","up":"soul_campfire_fire"}},"soul_fire":{"sound":"stone","textures":{"down":"soul_fire_1","east":"soul_fire_0","north":"soul_fire_0","south":"soul_fire_0","up":"soul_fire_0","west":"soul_fire_0"}},"soul_lantern":{"carried_textures":"soul_lantern_carried","sound":"lantern","textures":"soul_lantern"},"soul_sand":{"sound":"soul_sand","textures":"soul_sand"},"soul_soil":{"sound":"soul_soil","textures":"soul_soil"},"soul_torch":{"sound":"wood","textures":"soul_torch"},"sponge":{"isotropic":true,"sound":"grass","textures":"sponge"},"spore_blossom":{"sound":"spore_blossom","textures":{"down":"spore_blossom","side":"spore_blossom_base","up":"spore_blossom_base"}},"spruce_button":{"sound":"wood","textures":"spruce_planks"},"spruce_door":{"sound":"wood","textures":{"down":"door_lower","side":"door_upper","up":"door_lower"}},"spruce_fence_gate":{"sound":"wood","textures":"wood_spruce"},"spruce_pressure_plate":{"sound":"wood","textures":"spruce_planks"},"spruce_stairs":{"sound":"wood","textures":"wood_spruce"},"spruce_standing_sign":{"sound":"wood","textures":"spruce_sign"},"spruce_trapdoor":{"sound":"wood","textures":"spruce_trapdoor"},"spruce_wall_sign":{"sound":"wood","textures":"spruce_sign"},"stained_glass":{"sound":"glass","textures":"stained_glass"},"stained_glass_pane":{"sound":"glass","textures":{"down":"stained_glass","east":"stained_glass_pane_top","north":"stained_glass","south":"stained_glass","up":"stained_glass","west":"stained_glass"}},"stained_hardened_clay":{"isotropic":true,"sound":"stone","textures":"stained_clay"},"standing_banner":{"sound":"wood","textures":"planks"},"standing_sign":{"sound":"wood","textures":"sign"},"stickyPistonArmCollision":{"textures":"piston_top"},"sticky_piston":{"carried_textures":{"down":"piston_bottom","side":"piston_side","up":"piston_top_sticky"},"sound":"stone","textures":{"down":"piston_bottom","side":"piston_side","up":"piston_top"}},"stone":{"sound":"stone","textures":"stone"},"stone_brick_stairs":{"textures":"stonebrick"},"stone_button":{"sound":"stone","textures":"stone"},"stone_pressure_plate":{"sound":"stone","textures":"stone"},"stone_slab":{"sound":"stone","textures":{"down":"stone_slab_bottom","side":"stone_slab_side","up":"stone_slab_top"}},"stone_slab2":{"sound":"stone","textures":{"down":"stone_slab_bottom_2","side":"stone_slab_side_2","up":"stone_slab_top_2"}},"stone_slab3":{"sound":"stone","textures":{"down":"stone_slab_bottom_3","side":"stone_slab_side_3","up":"stone_slab_top_3"}},"stone_slab4":{"sound":"stone","textures":{"down":"stone_slab_bottom_4","side":"stone_slab_side_4","up":"stone_slab_top_4"}},"stone_stairs":{"textures":"cobblestone"},"stonebrick":{"sound":"stone","textures":"stonebrick"},"stonecutter":{"sound":"stone","textures":{"down":"stonecutter_bottom","east":"stonecutter_other_side","north":"stonecutter_side","south":"stonecutter_side","up":"stonecutter_top","west":"stonecutter_other_side"}},"stonecutter_block":{"sound":"stone","textures":{"down":"stonecutter2_bottom","east":"stonecutter2_saw","north":"stonecutter2_side","south":"stonecutter2_side","up":"stonecutter2_top","west":"stonecutter2_saw"}},"stripped_acacia_log":{"sound":"wood","textures":{"down":"stripped_acacia_log_top","side":"stripped_acacia_log_side","up":"stripped_acacia_log_top"}},"stripped_birch_log":{"sound":"wood","textures":{"down":"stripped_birch_log_top","side":"stripped_birch_log_side","up":"stripped_birch_log_top"}},"stripped_crimson_hyphae":{"sound":"stem","textures":{"down":"stripped_crimson_stem_side","east":"stripped_crimson_stem_side","north":"stripped_crimson_stem_side","south":"stripped_crimson_stem_side","up":"stripped_crimson_stem_side","west":"stripped_crimson_stem_side"}},"stripped_crimson_stem":{"sound":"stem","textures":{"down":"stripped_crimson_stem_top","east":"stripped_crimson_stem_side","north":"stripped_crimson_stem_side","south":"stripped_crimson_stem_side","up":"stripped_crimson_stem_top","west":"stripped_crimson_stem_side"}},"stripped_dark_oak_log":{"sound":"wood","textures":{"down":"stripped_dark_oak_log_top","side":"stripped_dark_oak_log_side","up":"stripped_dark_oak_log_top"}},"stripped_jungle_log":{"sound":"wood","textures":{"down":"stripped_jungle_log_top","side":"stripped_jungle_log_side","up":"stripped_jungle_log_top"}},"stripped_oak_log":{"sound":"wood","textures":{"down":"stripped_oak_log_top","side":"stripped_oak_log_side","up":"stripped_oak_log_top"}},"stripped_spruce_log":{"sound":"wood","textures":{"down":"stripped_spruce_log_top","side":"stripped_spruce_log_side","up":"stripped_spruce_log_top"}},"stripped_warped_hyphae":{"sound":"stem","textures":{"down":"stripped_warped_stem_side","east":"stripped_warped_stem_side","north":"stripped_warped_stem_side","south":"stripped_warped_stem_side","up":"stripped_warped_stem_side","west":"stripped_warped_stem_side"}},"stripped_warped_stem":{"sound":"stem","textures":{"down":"stripped_warped_stem_top","east":"stripped_warped_stem_side","north":"stripped_warped_stem_side","south":"stripped_warped_stem_side","up":"stripped_warped_stem_top","west":"stripped_warped_stem_side"}},"structure_block":{"textures":"structure_block"},"structure_void":{"textures":"structure_void"},"sweet_berry_bush":{"carried_textures":"sweet_berry_bush_carried","sound":"sweet_berry_bush","textures":{"down":"sweet_berry_bush_0","east":"sweet_berry_bush_3","north":"sweet_berry_bush_2","south":"sweet_berry_bush_3","up":"sweet_berry_bush_1","west":"sweet_berry_bush_3"}},"tallgrass":{"carried_textures":"tallgrass_carried","sound":"grass","textures":"tallgrass"},"target":{"sound":"grass","textures":{"down":"target_top","side":"target_side","up":"target_top"}},"tinted_glass":{"sound":"glass","textures":"tinted_glass"},"tnt":{"sound":"grass","textures":{"down":"tnt_bottom","side":"tnt_side","up":"tnt_top"}},"torch":{"sound":"wood","textures":"torch_on"},"trapdoor":{"sound":"wood","textures":"trapdoor"},"trapped_chest":{"sound":"wood","textures":{"down":"chest_inventory_top","east":"chest_inventory_side","north":"chest_inventory_side","south":"trapped_chest_inventory_front","up":"chest_inventory_top","west":"chest_inventory_side"}},"tripWire":{"textures":"trip_wire"},"tripwire_hook":{"textures":{"down":"trip_wire_base","east":"trip_wire","north":"trip_wire_source","south":"trip_wire","up":"trip_wire_source","west":"trip_wire"}},"tuff":{"sound":"tuff","textures":"tuff"},"turtle_egg":{"carried_textures":"turtle_egg_carried","textures":"turtle_egg"},"twisting_vines":{"sound":"vines","textures":{"down":"twisting_vines_bottom","east":"twisting_vines_base","north":"twisting_vines_base","south":"twisting_vines_base","up":"twisting_vines_base","west":"twisting_vines_base"}},"undyed_shulker_box":{"sound":"stone","textures":"undyed_shulker_box_top"},"unlit_redstone_torch":{"sound":"wood","textures":"redstone_torch_off"},"unpowered_comparator":{"sound":"comparator","textures":{"down":"comparator_stone_slab","side":"comparator_stone_slab","up":"comparator_up"}},"unpowered_repeater":{"sound":"wood","textures":{"down":"repeater_floor","side":"repeater_floor","up":"repeater_up"}},"vine":{"carried_textures":"vine_carried","sound":"vines","textures":"vine"},"wall_banner":{"sound":"wood","textures":"planks"},"wall_sign":{"sound":"wood","textures":"sign"},"warped_button":{"sound":"wood","textures":"warped_planks"},"warped_door":{"sound":"wood","textures":{"down":"warped_door_lower","side":"warped_door_top","up":"warped_door_lower"}},"warped_double_slab":{"sound":"wood","textures":"warped_planks"},"warped_fence":{"sound":"wood","textures":"warped_planks"},"warped_fence_gate":{"sound":"wood","textures":"warped_planks"},"warped_fungus":{"sound":"fungus","textures":"nether_shroom_blue"},"warped_hyphae":{"sound":"stem","textures":{"down":"warped_stem_side","east":"warped_stem_side","north":"warped_stem_side","south":"warped_stem_side","up":"warped_stem_side","west":"warped_stem_side"}},"warped_nylium":{"isotropic":{"down":true,"up":true},"sound":"nylium","textures":{"down":"netherrack","east":"warped_nylium_side","north":"warped_nylium_side","south":"warped_nylium_side","up":"warped_nylium_top","west":"warped_nylium_side"}},"warped_planks":{"sound":"wood","textures":"warped_planks"},"warped_pressure_plate":{"sound":"wood","textures":"warped_planks"},"warped_roots":{"sound":"roots","textures":{"down":"warped_roots","east":"warped_roots","north":"warped_roots","south":"warped_roots_pot","up":"warped_roots","west":"warped_roots"}},"warped_slab":{"sound":"wood","textures":"warped_planks"},"warped_stairs":{"sound":"wood","textures":"warped_planks"},"warped_standing_sign":{"sound":"wood","textures":"warped_sign"},"warped_stem":{"sound":"stem","textures":{"down":"warped_stem_top","east":"warped_stem_side","north":"warped_stem_side","south":"warped_stem_side","up":"warped_stem_top","west":"warped_stem_side"}},"warped_trapdoor":{"sound":"wood","textures":"warped_trapdoor"},"warped_wall_sign":{"sound":"wood","textures":"warped_sign"},"warped_wart_block":{"sound":"nether_wart","textures":"warped_wart_block"},"water":{"textures":{"down":"still_water_grey","side":"flowing_water_grey","up":"still_water_grey"}},"waterlily":{"carried_textures":"waterlily_carried","sound":"grass","textures":"waterlily"},"waxed_copper":{"isotropic":false,"sound":"copper","textures":"copper_block"},"waxed_cut_copper":{"isotropic":false,"sound":"copper","textures":"cut_copper"},"waxed_cut_copper_slab":{"isotropic":false,"sound":"copper","textures":"cut_copper"},"waxed_cut_copper_stairs":{"isotropic":false,"sound":"copper","textures":"cut_copper"},"waxed_double_cut_copper_slab":{"isotropic":false,"sound":"copper","textures":"cut_copper"},"waxed_exposed_copper":{"isotropic":false,"sound":"copper","textures":"exposed_copper"},"waxed_exposed_cut_copper":{"isotropic":false,"sound":"copper","textures":"exposed_cut_copper"},"waxed_exposed_cut_copper_slab":{"isotropic":false,"sound":"copper","textures":"exposed_cut_copper"},"waxed_exposed_cut_copper_stairs":{"isotropic":false,"sound":"copper","textures":"exposed_cut_copper"},"waxed_exposed_double_cut_copper_slab":{"isotropic":false,"sound":"copper","textures":"exposed_cut_copper"},"waxed_oxidized_copper":{"isotropic":false,"sound":"copper","textures":"oxidized_copper"},"waxed_oxidized_cut_copper":{"isotropic":false,"sound":"copper","textures":"oxidized_cut_copper"},"waxed_oxidized_cut_copper_slab":{"isotropic":false,"sound":"copper","textures":"oxidized_cut_copper"},"waxed_oxidized_cut_copper_stairs":{"isotropic":false,"sound":"copper","textures":"oxidized_cut_copper"},"waxed_oxidized_double_cut_copper_slab":{"isotropic":false,"sound":"copper","textures":"oxidized_cut_copper"},"waxed_weathered_copper":{"isotropic":false,"sound":"copper","textures":"weathered_copper"},"waxed_weathered_cut_copper":{"isotropic":false,"sound":"copper","textures":"weathered_cut_copper"},"waxed_weathered_cut_copper_slab":{"isotropic":false,"sound":"copper","textures":"weathered_cut_copper"},"waxed_weathered_cut_copper_stairs":{"isotropic":false,"sound":"copper","textures":"weathered_cut_copper"},"waxed_weathered_double_cut_copper_slab":{"isotropic":false,"sound":"copper","textures":"weathered_cut_copper"},"weathered_copper":{"isotropic":false,"sound":"copper","textures":"weathered_copper"},"weathered_cut_copper":{"isotropic":false,"sound":"copper","textures":"weathered_cut_copper"},"weathered_cut_copper_slab":{"isotropic":false,"sound":"copper","textures":"weathered_cut_copper"},"weathered_cut_copper_stairs":{"isotropic":false,"sound":"copper","textures":"weathered_cut_copper"},"weathered_double_cut_copper_slab":{"isotropic":false,"sound":"copper","textures":"weathered_cut_copper"},"web":{"textures":"web"},"weeping_vines":{"sound":"vines","textures":{"down":"weeping_vines_bottom","east":"weeping_vines_base","north":"weeping_vines_base","south":"weeping_vines_base","up":"weeping_vines_base","west":"weeping_vines_base"}},"wheat":{"sound":"grass","textures":"wheat"},"white_candle":{"carried_textures":"white_candle_carried","sound":"candle","textures":"white_candle"},"white_candle_cake":{"sound":"cloth","textures":{"down":"cake_bottom","east":"cake_side","north":"cake_side","south":"cake_side","up":"cake_top","west":"cake_west"}},"white_glazed_terracotta":{"sound":"stone","textures":"white_glazed_terracotta"},"wither_rose":{"sound":"grass","textures":"wither_rose"},"wood":{"sound":"wood","textures":"wood"},"wooden_button":{"sound":"wood","textures":"planks"},"wooden_door":{"sound":"wood","textures":{"down":"door_lower","side":"door_upper","up":"door_lower"}},"wooden_pressure_plate":{"sound":"wood","textures":"planks"},"wooden_slab":{"sound":"wood","textures":"planks"},"wool":{"sound":"cloth","textures":"wool"},"yellow_candle":{"carried_textures":"yellow_candle_carried","sound":"candle","textures":"yellow_candle"},"yellow_candle_cake":{"sound":"cloth","textures":{"down":"cake_bottom","east":"cake_side","north":"cake_side","south":"cake_side","up":"cake_top","west":"cake_west"}},"yellow_flower":{"sound":"grass","textures":"yellow_flower"},"yellow_glazed_terracotta":{"sound":"stone","textures":"yellow_glazed_terracotta"}}