{
	"format_version": "1.8.0",
	"geometry.{{IDENTIFIER}}": {
		"texturewidth": 64,
		"textureheight": 32,
		"bones": [
			{
				"name": "world",
				"pivot": [
					0,
					0,
					0
				],
				"bind_pose_rotation": [
					0,
					0,
					0
				],
				"cubes": []
			},
			{
				"name": "root",
				"parent": "world",
				"pivot": [
					0,
					0,
					0
				],
				"bind_pose_rotation": [
					0,
					0,
					0
				],
				"cubes": []
			},
			{
				"name": "head",
				"parent": "body",
				"pivot": [
					0,
					8,
					-3
				],
				"locators": {
					"held_item": [
						-2,
						5,
						-10
					],
					"lead": [
						0,
						4,
						-4
					]
				},
				"bind_pose_rotation": [
					0,
					0,
					0
				],
				"cubes": [
					{
						"origin": [
							-4,
							4,
							-9
						],
						"size": [
							8,
							6,
							6
						],
						"uv": [
							0,
							0
						]
					},
					{
						"origin": [
							-4,
							10,
							-8
						],
						"size": [
							2,
							2,
							1
						],
						"uv": [
							0,
							0
						]
					},
					{
						"origin": [
							2,
							10,
							-8
						],
						"size": [
							2,
							2,
							1
						],
						"uv": [
							22,
							0
						]
					},
					{
						"origin": [
							-2,
							4,
							-12
						],
						"size": [
							4,
							2,
							3
						],
						"uv": [
							0,
							24
						]
					}
				]
			},
			{
				"name": "head_sleeping",
				"parent": "head",
				"pivot": [
					0,
					8,
					-3
				],
				"bind_pose_rotation": [
					0,
					0,
					0
				],
				"cubes": [
					{
						"origin": [
							-4,
							4,
							-9
						],
						"size": [
							8,
							6,
							6
						],
						"uv": [
							0,
							12
						]
					},
					{
						"origin": [
							-4,
							10,
							-8
						],
						"size": [
							2,
							2,
							1
						],
						"uv": [
							0,
							0
						]
					},
					{
						"origin": [
							2,
							10,
							-8
						],
						"size": [
							2,
							2,
							1
						],
						"uv": [
							22,
							0
						]
					},
					{
						"origin": [
							-2,
							4,
							-12
						],
						"size": [
							4,
							2,
							3
						],
						"uv": [
							0,
							24
						]
					}
				]
			},
			{
				"name": "body",
				"parent": "root",
				"pivot": [
					0,
					8,
					0
				],
				"bind_pose_rotation": [
					90,
					0,
					0
				],
				"cubes": [
					{
						"origin": [
							-3,
							0,
							-3
						],
						"size": [
							6,
							11,
							6
						],
						"uv": [
							30,
							15
						]
					}
				]
			},
			{
				"name": "leg0",
				"parent": "body",
				"pivot": [
					-3,
					6,
					6
				],
				"bind_pose_rotation": [
					0,
					0,
					0
				],
				"cubes": [
					{
						"origin": [
							-3.005,
							0,
							5
						],
						"size": [
							2,
							6,
							2
						],
						"uv": [
							14,
							24
						]
					}
				]
			},
			{
				"name": "leg1",
				"parent": "body",
				"pivot": [
					1,
					6,
					6
				],
				"bind_pose_rotation": [
					0,
					0,
					0
				],
				"cubes": [
					{
						"origin": [
							1.005,
							0,
							5
						],
						"size": [
							2,
							6,
							2
						],
						"uv": [
							22,
							24
						]
					}
				]
			},
			{
				"name": "leg2",
				"parent": "body",
				"pivot": [
					-3,
					6,
					-1
				],
				"bind_pose_rotation": [
					0,
					0,
					0
				],
				"cubes": [
					{
						"origin": [
							-3.005,
							0,
							-2
						],
						"size": [
							2,
							6,
							2
						],
						"uv": [
							14,
							24
						]
					}
				]
			},
			{
				"name": "leg3",
				"parent": "body",
				"pivot": [
					1,
					6,
					-1
				],
				"bind_pose_rotation": [
					0,
					0,
					0
				],
				"cubes": [
					{
						"origin": [
							1.005,
							0,
							-2
						],
						"size": [
							2,
							6,
							2
						],
						"uv": [
							22,
							24
						]
					}
				]
			},
			{
				"name": "tail",
				"parent": "body",
				"pivot": [
					0,
					8,
					7
				],
				"bind_pose_rotation": [
					80,
					0,
					0
				],
				"cubes": [
					{
						"origin": [
							-2,
							-2,
							4.75
						],
						"size": [
							4,
							9,
							5
						],
						"uv": [
							28,
							0
						]
					}
				]
			}
		]
	}
}